College,State,ZIP
Aaniiih Nakoda College,MT,59526
Abilene Christian University,TX,79699
Abilene Christian University-Undergraduate Online,TX,75001
Abraham Baldwin Agricultural College,GA,31793
Academy College,MN,55431
Academy of Art University,CA,94105
Adams State University,CO,81101
Adelphi University,NY,11530
Adrian College,MI,49221
AdventHealth University,FL,32803
Agape College of Business and Science,CA,93721
Agnes Scott College,GA,30030
Agora University,IL,60506
Aims Community College,CO,80634
Alabama A & M University,AL,35762
Alabama State University,AL,36104
Alaska Bible College,AK,99645
Alaska Pacific University,AK,99508
Albany College of Pharmacy and Health Sciences,NY,12208
Albany State University,GA,31705
Albertus Magnus College,CT,06511
Albion College,MI,49224
Albizu University-Miami,FL,33172
Albright College,PA,19612
Alcorn State University,MS,39096
Alfred University,NY,14802
Alice Lloyd College,KY,41844
Allegheny College,PA,16335
Allegheny Wesleyan College,OH,44460
Allen University,SC,29204
Alliant International University-San Diego,CA,92131
Alma College,MI,48801
Alpena Community College,MI,49707
Alvernia University,PA,19607
Alverno College,WI,53234
Alvin Community College,TX,77511
Amberton University,TX,75041
America Evangelical University,CA,90247
American Academy of Art College,IL,60604
American Baptist College,TN,37207
American College of Education,IN,46204
American College of Financial Services,PA,19406
American InterContinental University System,AZ,85286
American InterContinental University-Atlanta,GA,30328
American InterContinental University-Houston,TX,77042
American International College,MA,01109
American Islamic College,IL,60613
American Jewish University,CA,90077
American Musical and Dramatic Academy,NY,10023
American National University,VA,24153
American Public University System,WV,25414
American Samoa Community College,AS,96799
American University,DC,20016
American University of Puerto Rico,PR,00715
Amherst College,MA,01002
Amridge University,AL,36117
Ana G. Mendez University,FL,32822
Anderson University,IN,46012
Andrew College,GA,39840
Andrews University,MI,49104
Angelo State University,TX,76909
Anna Maria College,MA,01612
Antelope Valley Community College District,CA,93536
Antioch College,OH,45387
Antioch University,OH,45387
Antioch University-Santa Barbara,CA,93101
Antioch University-Seattle,WA,98121
Appalachian Bible College,WV,25880
Appalachian State University,NC,28608
Aquinas College,MI,49506
Arapahoe Community College,CO,80160
Arcadia University,PA,19038
Arizona Christian University,AZ,85306
Arizona State University Campus Immersion,AZ,85287
Arizona State University Digital Immersion,AZ,85257
Arkansas Baptist College,AR,72202
Arkansas State University,AR,72401
Arkansas State University System,AR,72401
Arkansas Tech University,AR,72801
Arlington Baptist University,TX,76012
Art Academy of Cincinnati,OH,45202
Art Center College of Design,CA,91103
Asbury University,KY,40390
Ascent College,VA,20155
Ashford University,CA,92123
Ashland University,OH,44805
Aspen University,AZ,85040
Associated Beth Rivkah Schools,NY,11225
Assumption University,MA,01609
Athenaeum of Ohio,OH,45230
Athens State University,AL,35611
Atlanta Metropolitan State College,GA,30310
Atlantic University,PR,00970
Atlantis University,FL,33136
Auburn University,AL,36849
Auburn University at Montgomery,AL,36117
Augsburg University,MN,55454
Augusta University,GA,30912
Augustana College,IL,61201
Augustana University,SD,57197
Aurora University,IL,60506
Austin College,TX,75090
Austin Community College District,TX,78752
Austin Peay State University,TN,37044
Ave Maria University,FL,34142
Averett University,VA,24541
Avila University,MO,64145
Azusa Pacific University,CA,91702
Babson College,MA,02457
Bacone College,OK,74403
Bais HaMedrash and Mesivta of Baltimore,MD,21209
Bais Medrash Elyon,NY,10952
Bais Medrash Mayan Hatorah,NJ,08701
Bais Medrash Toras Chesed,NJ,08701
Bais Medrash of Dexter Park,NY,10977
Baker College,MI,48867
Baker University,KS,66006
Bakersfield College,CA,93305
Baldwin Wallace University,OH,44017
Ball State University,IN,47306
Baptist Health Sciences University,TN,38104
Baptist Missionary Association Theological Seminary,TX,75766
Baptist University of Florida,FL,32440
Baptist University of the Americas,TX,78224
Barclay College,KS,67059
Bard College,NY,12504
Bard College at Simon's Rock,MA,01230
Barnard College,NY,10027
Barry University,FL,33161
Barton College,NC,27893
Bates College,ME,04240
Bates Technical College,WA,98405
Bay Mills Community College,MI,49715
Bay Path University,MA,01106
Baylor University,TX,76798
Be'er Yaakov Talmudic Seminary,NY,10977
Beacon College,FL,34748
Beal University,ME,04401
Beckfield College-Florence,KY,41042
Beis Medrash Heichal Dovid,NY,11691
Belhaven University,MS,39202
Bellarmine University,KY,40205
Bellevue College,WA,98007
Bellevue University,NE,68005
Bellingham Technical College,WA,98225
Belmont Abbey College,NC,28012
Belmont University,TN,37212
Beloit College,WI,53511
Bemidji State University,MN,56601
Benedict College,SC,29204
Benedictine College,KS,66002
Benedictine University,IL,60532
Benjamin Franklin Cummings Institute of Technology,MA,02116
Bennett College,NC,27401
Bennington College,VT,05201
Bentley University,MA,02452
Berea College,KY,40404
Berkeley College-New York,NY,10017
Berkeley College-Woodland Park,NJ,07424
Berkeley School of Theology,CA,94704
Berklee College of Music,MA,02215
Berry College,GA,30149
Bet Medrash Gadol Ateret Torah,NY,11223
Beth Hamedrash Shaarei Yosher Institute,NY,11204
Beth Medrash Govoha,NJ,08701
Beth Medrash Meor Yitzchok,NY,10952
Beth Medrash of Asbury Park,NJ,08701
Bethany College,KS,67456
Bethany Global University,MN,55438
Bethany Lutheran College,MN,56001
Bethel College-North Newton,KS,67117
Bethel University,IN,46545
Bethesda University,CA,92801
Bethlehem College & Seminary,MN,55415
Bethune-Cookman University,FL,32114
Beulah Heights University,GA,30316
Big Bend Community College,WA,98837
Binghamton University,NY,13850
Biola University,CA,90639
Birmingham-Southern College,AL,35254
Bismarck State College,ND,58506
Black Hills State University,SD,57799
Blackburn College,IL,62626
Blackfeet Community College,MT,59417
Blue Mountain Christian University,MS,38610
Bluefield State University,WV,24701
Bluefield University,VA,24605
Bluffton University,OH,45817
Bob Jones University,SC,29614
Boise Bible College,ID,83714
Boise State University,ID,83725
Boricua College,NY,10032
Boston Baptist College,MA,02136
Boston College,MA,02467
Boston University,MA,02215
Bowdoin College,ME,04011
Bowie State University,MD,20715
Bowling Green State University-Firelands,OH,44839
Bowling Green State University-Main Campus,OH,43403
Bradley University,IL,61625
Brandeis University,MA,02454
Brazosport College,TX,77566
Brenau University,GA,30501
Brescia University,KY,42301
Brevard College,NC,28712
Brewton-Parker College,GA,30445
Briar Cliff University,IA,51104
Bridges Christian College,LA,70115
Bridgewater College,VA,22812
Bridgewater State University,MA,02325
Brigham Young University,UT,84602
Brigham Young University-Hawaii,HI,96762
Brigham Young University-Idaho,ID,83460
Brookline College-Phoenix,AZ,85021
Broward College,FL,33301
Brown University,RI,02912
Bryan College of Health Sciences,NE,68506
Bryan College-Dayton,TN,37321
Bryan University,AZ,85281
Bryant & Stratton College-Albany,NY,12205
Bryant & Stratton College-Buffalo,NY,14203
Bryant & Stratton College-Greece,NY,14612
Bryant & Stratton College-Online,NY,14127
Bryant & Stratton College-Parma,OH,44130
Bryant & Stratton College-Syracuse North,NY,13090
Bryant & Stratton College-Virginia Beach,VA,23462
Bryant & Stratton College-Wauwatosa,WI,53226
Bryant University,RI,02917
Bryn Athyn College of the New Church,PA,19009
Bryn Mawr College,PA,19010
Bucknell University,PA,17837
Buena Vista University,IA,50588
Bushnell University,OR,97401
Butler University,IN,46208
CUNY Bernard M Baruch College,NY,10010
CUNY Brooklyn College,NY,11210
CUNY City College,NY,10031
CUNY Graduate School and University Center,NY,10016
CUNY Hunter College,NY,10065
CUNY John Jay College of Criminal Justice,NY,10019
CUNY Lehman College,NY,10468
CUNY Medgar Evers College,NY,11225
CUNY New York City College of Technology,NY,11201
CUNY Queens College,NY,11367
CUNY York College,NY,11451
Cabrini University,PA,19087
Cairn University-Langhorne,PA,19047
Caldwell University,NJ,07006
California Baptist University,CA,92504
California College of ASU,CA,90015
California College of the Arts,CA,94107
California Institute of Arts & Technology,CA,92108
California Institute of Arts & Technology-National City,CA,91950
California Institute of Technology,CA,91125
California Institute of the Arts,CA,91355
California Intercontinental University,SD,57103
California Jazz Conservatory,CA,94704
California Lutheran University,CA,91360
California Miramar University,CA,92108
California Polytechnic State University-San Luis Obispo,CA,93407
California State Polytechnic University-Humboldt,CA,95521
California State Polytechnic University-Pomona,CA,91768
California State University Maritime Academy,CA,94590
California State University-Bakersfield,CA,93311
California State University-Chancellors Office,CA,93311
California State University-Channel Islands,CA,93012
California State University-Chico,CA,95929
California State University-Dominguez Hills,CA,90747
California State University-East Bay,CA,94542
California State University-Fresno,CA,93740
California State University-Fullerton,CA,92832
California State University-Long Beach,CA,90840
California State University-Los Angeles,CA,90032
California State University-Monterey Bay,CA,93955
California State University-Northridge,CA,91330
California State University-Sacramento,CA,95819
California State University-San Bernardino,CA,92407
California State University-San Marcos,CA,92096
California State University-Stanislaus,CA,95382
Calumet College of Saint Joseph,IN,46394
Calvary University,MO,64147
Calvin University,MI,49546
Cambridge College,MA,02129
Cameron University,OK,73505
Campbell University,NC,27506
Campbellsville University,KY,42718
Canisius University,NY,14208
Capella University,MN,55402
Capital University,OH,43209
Capitol Technology University,MD,20708
Caribbean University-Bayamon,PR,00960
Caribbean University-Carolina,PR,00985
Caribbean University-Ponce,PR,00716
Caribbean University-Vega Baja,PR,00964
Carleton College,MN,55057
Carlow University,PA,15213
Carnegie Mellon University,PA,15213
Carolina Christian College,NC,27105
Carolina College of Biblical Studies,NC,28303
Carolina University,NC,27101
Carroll College,MT,59625
Carroll University,WI,53186
Carson-Newman University,TN,37760
Carthage College,WI,53140
Cascadia College,WA,98011
Case Western Reserve University,OH,44106
Catawba College,NC,28144
Catholic International University,WA,98407
Cedar Crest College,PA,18104
Cedarville University,OH,45314
Centenary College of Louisiana,LA,71104
Centenary University,NJ,07840
Central Baptist College,AR,72034
Central Christian College of Kansas,KS,67460
Central Christian College of the Bible,MO,65270
Central College,IA,50219
Central Connecticut State University,CT,06050
Central Methodist University-College of Graduate and Extended Studies,MO,65248
Central Methodist University-College of Liberal Arts and Sciences,MO,65248
Central Michigan University,MI,48859
Central Ohio Technical College,OH,43055
Central Penn College,PA,17093
Central State University,OH,45384
Central Washington University,WA,98926
Central Wyoming College,WY,82501
Central Yeshiva Beth Joseph,NY,11230
Central Yeshiva Tomchei Tmimim Lubavitz,NY,11213
Centralia College,WA,98531
Centre College,KY,40422
Centura College-Chesapeake,VA,23320
Chadron State College,NE,69337
Chaminade University of Honolulu,HI,96816
Champion Christian College,AR,71913
Champlain College,VT,05401
Chapman University,CA,92866
Charles R Drew University of Medicine and Science,CA,90059
Charleston Southern University,SC,29406
Charlotte Christian College and Theological Seminary,NC,28227
Charter College,AK,99508
Charter Oak State College,CT,06051
Chatham University,PA,15232
Chemeketa Community College,OR,97305
Chestnut Hill College,PA,19118
Cheyney University of Pennsylvania,PA,19319
Chicago State University,IL,60628
Chipola College,FL,32446
Chowan University,NC,27855
Christ Mission College,TX,78254
Christian Brothers University,TN,38104
Christopher Newport University,VA,23606
Cincinnati State Technical and Community College,OH,45223
Citadel Military College of South Carolina,SC,29409
City College-Hollywood,FL,33024
City University of Seattle,WA,98121
City Vision University,MO,64106
Claflin University,SC,29115
Claremont McKenna College,CA,91711
Clark Atlanta University,GA,30314
Clark College,WA,98663
Clark State College,OH,45501
Clark University,MA,01610
Clarke University,IA,52001
Clarks Summit University,PA,18411
Clarkson College,NE,68131
Clarkson University,NY,13699
Clayton State University,GA,30260
Clear Creek Baptist Bible College,KY,40977
Cleary University,MI,48843
Clemson University,SC,29634
Cleveland Institute of Art,OH,44106
Cleveland Institute of Music,OH,44106
Cleveland State University,OH,44115
Cleveland University-Kansas City,KS,66210
Clinton College,SC,29730
Clover Park Technical College,WA,98499
Coastal Carolina University,SC,29526
Cochise County Community College District,AZ,85635
Coe College,IA,52402
Coker University,SC,29550
Colby College,ME,04901
Colby-Sawyer College,NH,03257
Colegio Universitario de San Juan,PR,00918
Colgate University,NY,13346
College for Creative Studies,MI,48202
College of Biblical Studies-Houston,TX,77036
College of Central Florida,FL,34474
College of Charleston,SC,29424
College of Coastal Georgia,GA,31520
College of Menominee Nation,WI,54135
College of Micronesia-FSM,FM,96941
College of Our Lady of the Elms,MA,01013
College of Saint Benedict,MN,56374
College of Saint Mary,NE,68106
College of Southern Idaho,ID,83301
College of Southern Nevada,NV,89146
College of Staten Island CUNY,NY,10314
College of the Holy Cross,MA,01610
College of the Mainland,TX,77591
College of the Marshall Islands,MH,96960
College of the Ozarks,MO,65726
Collin County Community College District,TX,75069
Colorado Christian University,CO,80226
Colorado College,CO,80903
Colorado Mesa University,CO,81501
Colorado Mountain College,CO,81601
Colorado Northwestern Community College,CO,81648
Colorado School of Mines,CO,80401
Colorado State University Global,CO,80011
Colorado State University Pueblo,CO,81001
Colorado State University-Fort Collins,CO,80523
Colorado Technical University-Colorado Springs,CO,80907
Columbia Basin College,WA,99301
Columbia Central University-Caguas,PR,00726
Columbia College,CA,95370
Columbia College Chicago,IL,60605
Columbia International University,SC,29203
Columbia Southern University,AL,36561
Columbia University in the City of New York,NY,10027
Columbus College of Art & Design,OH,43215
Columbus State Community College,OH,43215
Columbus State University,GA,31907
Commonwealth University of Pennsylvania,PA,17815
Community College of Denver,CO,80204
Conception Seminary College,MO,64433
Concord University,WV,24712
Concordia College at Moorhead,MN,56562
Concordia University Ann Arbor,MI,48105
Concordia University Texas,TX,78726
Concordia University-Chicago,IL,60305
Concordia University-Irvine,CA,92612
Concordia University-Nebraska,NE,68434
Concordia University-Saint Paul,MN,55104
Concordia University-Wisconsin,WI,53097
Congregation Talmidei Mesivta Tiferes Shmiel Aleksander,NY,11219
Connecticut College,CT,06320
Converse University,SC,29302
Coppin State University,MD,21216
Corban University,OR,97317
Cornell College,IA,52314
Cornell University,NY,14853
Cornerstone University,MI,49525
Cornish College of the Arts,WA,98121
Cottey College,MO,64772
Covenant College,GA,30750
Crafton Hills College,CA,92339
Creighton University,NE,68178
Crestpoint University,GA,31833
Criswell College,TX,75246
Crowley's Ridge College,AR,72450
Crown College,MN,55375
Culinary Institute of America,NY,12538
Culver-Stockton College,MO,63435
Cumberland University,TN,37087
Curry College,MA,02186
Curtis Institute of Music,PA,19103
Cypress College,CA,90630
D'Youville University,NY,14201
Daemen University,NY,14226
Dakota State University,SD,57042
Dakota Wesleyan University,SD,57301
Dallas Baptist University,TX,75211
Dallas Christian College,TX,75234
Dallas College,TX,75215
Dalton State College,GA,30720
Dartmouth College,NH,03755
Davenport University,MI,49512
Davidson College,NC,28035
Davis & Elkins College,WV,26241
Davis College,NY,12860
Daytona State College,FL,32114
DePaul University,IL,60604
DePauw University,IN,46135
DeSales University,PA,18034
DeVry College of New York,NY,10016
DeVry University-Arizona,AZ,85021
DeVry University-California,CA,91764
DeVry University-Florida,FL,32819
DeVry University-Georgia,GA,30030
DeVry University-Illinois,IL,60532
DeVry University-Nevada,NV,89074
DeVry University-New Jersey,NJ,08830
DeVry University-Ohio,OH,43219
DeVry University-Texas,TX,75063
DeVry University-Virginia,VA,22202
Dean College,MA,02038
Defiance College,OH,43512
Del Mar College,TX,78404
Delaware State University,DE,19901
Delaware Technical Community College-Central Office,DE,19901
Delaware Technical Community College-Terry,DE,19901
Delaware Valley University,PA,18901
Delta State University,MS,38733
Denison University,OH,43023
Design Institute of San Diego,CA,92121
Dewey University-Carolina,PR,00986
Dewey University-Hato Rey,PR,00910
Dewey University-Juana Díaz,PR,00910
Dewey University-Manati,PR,00674
Dickinson College,PA,17013
Dickinson State University,ND,58601
DigiPen Institute of Technology,WA,98052
Dillard University,LA,70122
Dine College,AZ,86556
Divine Word College,IA,52045
Doane University,NE,68333
Dominican University,IL,60305
Dominican University New York,NY,10962
Dominican University of California,CA,94901
Donnelly College,KS,66102
Doral College,IA,52004
Dordt University,IA,51250
Drake University,IA,50311
Drew University,NJ,07940
Drexel University,PA,19104
Drury University,MO,65802
Drury University-College of Continuing Professional Studies,MO,65802
Duke University,NC,27708
Dunwoody College of Technology,MN,55403
Duquesne University,PA,15282
ECPI University,VA,23462
EDP University of Puerto Rico Inc-San Juan,PR,00918
EDP University of Puerto Rico Inc-San Sebastian,PR,00685
EDP University of Puerto Rico-Humacao,PR,00791
EDP University of Puerto Rico-Manati,PR,00674
EDP University of Puerto Rico-Villalba,PR,00766
EDvance College,OH,43512
Earlham College,IN,47374
East Carolina University,NC,27858
East Central University,OK,74820
East Georgia State College,GA,30401
East Stroudsburg University of Pennsylvania,PA,18301
East Tennessee State University,TN,37614
East Texas A&M University,TX,79016
East Texas Baptist University,TX,75670
East-West University,IL,60605
Eastern Arizona College,AZ,85552
Eastern Connecticut State University,CT,06226
Eastern Florida State College,FL,32935
Eastern Illinois University,IL,61920
Eastern Kentucky University,KY,40475
Eastern Mennonite University,VA,22802
Eastern Michigan University,MI,48197
Eastern Nazarene College,MA,02170
Eastern New Mexico University-Main Campus,NM,88130
Eastern Oregon University,OR,97850
Eastern University,PA,19087
Eastern Washington University,WA,99004
Eastwick College-Hackensack,NJ,07601
Ecclesia College,AR,72762
Eckerd College,FL,33711
Ecumenical Theological Seminary,MI,48201
Edgewood College,WI,53711
Edison State Community College,OH,45356
Edmonds College,WA,98036
Edward Waters University,FL,32209
Elim Bible Institute and College,NY,14485
Elizabeth City State University,NC,27909
Elizabethtown College,PA,17022
Elmhurst University,IL,60126
Elmira College,NY,14901
Elon University,NC,27244
Embry-Riddle Aeronautical University-Daytona Beach,FL,32114
Embry-Riddle Aeronautical University-Prescott,AZ,86301
Embry-Riddle Aeronautical University-Worldwide,FL,32114
Emerson College,MA,02116
Emmanuel College,MA,02115
Emmanuel University,GA,30639
Emmaus Bible College,IA,52001
Emory & Henry University,VA,24327
Emory University,GA,30322
Empire State University,NY,12866
Emporia State University,KS,66801
Endicott College,MA,01915
Ensign College,UT,84101
Epic Bible College & Graduate School,CA,95841
Erskine College,SC,29639
Escuela de Artes Plasticas y Diseno de Puerto Rico,PR,00902
Eureka College,IL,61530
Evangel University,MO,65802
Evangel University-College of Online Learning,MO,65802
Everett Community College,WA,98201
Everglades University,FL,33431
Excelsior University,NY,12203
FIDM-Fashion Institute of Design & Merchandising,CA,90015
Fairfield University,CT,06824
Fairleigh Dickinson University-Florham Campus,NJ,07940
Fairleigh Dickinson University-Metropolitan Campus,NJ,07666
Fairmont State University,WV,26554
Faith Baptist Bible College and Theological Seminary,IA,50023
Faith International University,WA,98407
Faith Theological Seminary and Christian College,FL,33615
Family of Faith Christian University,OK,74804
Farmingdale State College,NY,11735
Fashion Institute of Technology,NY,10001
Faulkner University,AL,36109
Fayetteville State University,NC,28301
Feather River Community College District,CA,95971
Felician University,NJ,07644
Ferris State University,MI,49307
Ferrum College,VA,24088
Fisher College,MA,02116
Fisk University,TN,37208
Fitchburg State University,MA,01420
Five Towns College,NY,11746
Flagler College,FL,32084
Florida Agricultural and Mechanical University,FL,32307
Florida Atlantic University,FL,33431
Florida College,FL,33617
Florida Gateway College,FL,32025
Florida Gulf Coast University,FL,33965
Florida Institute of Technology,FL,32901
Florida Institute of Technology-Online,FL,32901
Florida International University,FL,33199
Florida Memorial University,FL,33054
Florida National University-Main Campus,FL,33012
Florida Polytechnic University,FL,33805
Florida SouthWestern State College,FL,33919
Florida Southern College,FL,33801
Florida State College at Jacksonville,FL,32202
Florida State University,FL,32306
Fond du Lac Tribal and Community College,MN,55720
Fontbonne University,MO,63105
Foothill College,CA,94022
Fordham University,NY,10458
Fort Hays State University,KS,67601
Fort Lewis College,CO,81301
Fort Valley State University,GA,31030
Framingham State University,MA,01701
Francis Marion University,SC,29506
Franciscan Missionaries of Our Lady University,LA,70808
Franciscan University of Steubenville,OH,43952
Franklin College,IN,46131
Franklin Pierce University,NH,03461
Franklin University,OH,43215
Franklin W Olin College of Engineering,MA,02492
Franklin and Marshall College,PA,17604
Freed-Hardeman University,TN,38340
Fremont University,CA,90703
Fresno City College,CA,93741
Fresno Pacific University,CA,93702
Friends University,KS,67213
Front Range Community College,CO,80031
Frostburg State University,MD,21532
Full Sail University,FL,32792
Furman University,SC,29613
Gallaudet University,DC,20002
Galveston College,TX,77550
Gannon University,PA,16541
Gardner-Webb University,NC,28017
GateWay Community College,AZ,85034
Geneva College,PA,15010
George Fox University,OR,97132
George Mason University,VA,22030
George Washington University,DC,20052
Georgetown College,KY,40324
Georgetown University,DC,20057
Georgia College & State University,GA,31061
Georgia Gwinnett College,GA,30043
Georgia Highlands College,GA,30161
Georgia Institute of Technology-Main Campus,GA,30332
Georgia Military College,GA,31061
Georgia Southern University,GA,30460
Georgia Southwestern State University,GA,31709
Georgia State University,GA,30303
Georgian Court University,NJ,08701
Gettysburg College,PA,17325
Glendale Community College,AZ,85302
Glenville State University,WV,26351
Gnomon,CA,90038
Goddard College,VT,05667
Gods Bible School and College,OH,45202
Golden Gate University,CA,94105
Goldey-Beacom College,DE,19808
Gonzaga University,WA,99258
Goodwin University,CT,06118
Gordon College,MA,01984
Gordon State College,GA,30204
Goshen College,IN,46526
Goucher College,MD,21204
Governors State University,IL,60484
Grace Christian University,MI,49509
Grace College and Theological Seminary,IN,46590
Grace Mission University,CA,92833
Grace School of Theology,TX,77384
Graceland University-Lamoni,IA,50140
Grambling State University,LA,71245
Grand Canyon University,AZ,85017
Grand Valley State University,MI,49401
Grand View University,IA,50316
Gratz College,PA,19027
Grays Harbor College,WA,98520
Grayson College,TX,75020
Great Basin College,NV,89801
Great Lakes Christian College,MI,48917
Great Northern University,WA,99207
Green River College,WA,98092
Greensboro College,NC,27401
Greenville Technical College,SC,29606
Greenville University,IL,62246
Grinnell College,IA,50112
Grove City College,PA,16127
Guam Community College,GU,96913
Guilford College,NC,27410
Gulf Coast State College,FL,32401
Gustavus Adolphus College,MN,56082
Gwynedd Mercy University,PA,19437
Hallmark University,TX,78251
Hamilton College,NY,13323
Hamline University,MN,55104
Hampden-Sydney College,VA,23943
Hampshire College,MA,01002
Hampton University,VA,23668
Hannibal-LaGrange University,MO,63401
Hanover College,IN,47243
Hardin-Simmons University,TX,79698
Harding University,AR,72149
Harris-Stowe State University,MO,63103
Harrisburg University of Science and Technology,PA,17101
Hartwick College,NY,13820
Harvard University,MA,02138
Harvey Mudd College,CA,91711
Haskell Indian Nations University,KS,66046
Hastings College,NE,68901
Haverford College,PA,19041
Hawaii Pacific University,HI,96813
Hebrew Theological College,IL,60077
Heidelberg University,OH,44883
Hellenic College-Holy Cross Greek Orthodox School of Theology,MA,02445
Henderson State University,AR,71999
Hendrix College,AR,72032
Henry Ford College,MI,48128
Heritage Bible College,NC,28334
Heritage Christian University,AL,35630
Heritage University,WA,98948
Herzing University-Akron,OH,44306
Herzing University-Atlanta,GA,30303
Herzing University-Birmingham,AL,35209
Herzing University-Brookfield,WI,53005
Herzing University-Kenosha,WI,53140
Herzing University-Madison,WI,53718
Herzing University-Minneapolis,MN,55426
Herzing University-New Orleans,LA,70002
Herzing University-Orlando,FL,32792
Hesston College,KS,67062
High Point University,NC,27268
Highline College,WA,98198
Hilbert College,NY,14075
Hillsborough Community College,FL,33606
Hillsdale College,MI,49242
Hiram College,OH,44234
Hobart William Smith Colleges,NY,14456
Hobe Sound Bible College,FL,33455
Hodges University,FL,33966
Hofstra University,NY,11549
Hollins University,VA,24020
Holy Apostles College and Seminary,CT,06416
Holy Cross College,IN,46556
Holy Family University,PA,19114
Hood College,MD,21701
Hope College,MI,49423
Hope International University,CA,92831
Horizon University,IN,46236
Houghton University,NY,14744
Houston Christian University,TX,77074
Houston Community College,TX,77002
Howard Payne University,TX,76801
Howard University,DC,20059
Huertas College,PR,00725
Hult International Business School,MA,02141
Humacao Community College,PR,00791
Humphreys University-Stockton and Modesto Campuses,CA,95207
Huntingdon College,AL,36106
Huntington University,IN,46750
Huntsville Bible College,AL,35811
Husson University,ME,04401
Huston-Tillotson University,TX,78702
Idaho State University,ID,83209
Ilisagvik College,AK,99723
Illinois College,IL,62650
Illinois Institute of Technology,IL,60616
Illinois State University,IL,61790
Illinois Wesleyan University,IL,61702
Immaculata University,PA,19345
Indian Bible College,AZ,86004
Indian River State College,FL,34981
Indiana Institute of Technology,IN,46803
Indiana Institute of Technology-College of Professional Studies,IN,46803
Indiana State University,IN,47809
Indiana University of Pennsylvania-Main Campus,PA,15705
Indiana University-Bloomington,IN,47405
Indiana University-East,IN,47374
Indiana University-Indianapolis,IN,46202
Indiana University-Kokomo,IN,46902
Indiana University-Northwest,IN,46408
Indiana University-South Bend,IN,46615
Indiana University-Southeast,IN,47150
Indiana Wesleyan University-Marion,IN,46953
Indiana Wesleyan University-National & Global,IN,46953
Institute of American Indian and Alaska Native Culture and Arts Development,NM,87508
Inter American University of Puerto Rico-Aguadilla,PR,00603
Inter American University of Puerto Rico-Arecibo,PR,00614
Inter American University of Puerto Rico-Barranquitas,PR,00794
Inter American University of Puerto Rico-Bayamon,PR,00957
Inter American University of Puerto Rico-Central Office,PR,00919
Inter American University of Puerto Rico-Fajardo,PR,00738
Inter American University of Puerto Rico-Guayama,PR,00784
Inter American University of Puerto Rico-Metro,PR,00919
Inter American University of Puerto Rico-Ponce,PR,00715
Inter American University of Puerto Rico-San German,PR,00683
InterCoast Colleges-West Covina,CA,91791
Interior Designers Institute,CA,92660
International Baptist College and Seminary,AZ,85286
Iona University,NY,10801
Iowa State University,IA,50011
Ithaca College,NY,14850
Jackson College,MI,49201
Jackson State University,MS,39217
Jacksonville State University,AL,36265
Jacksonville University,FL,32211
James A. Rhodes State College,OH,45804
James Madison University,VA,22807
Jarvis Christian University,TX,75765
Jewish Theological Seminary of America,NY,10027
John Brown University,AR,72761
John Carroll University,OH,44118
John Paul the Great Catholic University,CA,92025
Johns Hopkins University,MD,21218
Johnson & Wales University-Charlotte,NC,28202
Johnson & Wales University-Online,RI,02903
Johnson & Wales University-Providence,RI,02903
Johnson C Smith University,NC,28216
Johnson University,TN,37998
Johnson University Florida,FL,34744
Jose Maria Vargas University,FL,33026
Judson University,IL,60123
Juniata College,PA,16652
Justice University,NY,13502
Kairos University,SD,57105
Kalamazoo College,MI,49006
Kansas Christian College,KS,66204
Kansas City Art Institute,MO,64111
Kansas State University,KS,66506
Kansas Wesleyan University,KS,67401
Kean University,NJ,07083
Keene State College,NH,03435
Kehilath Yakov Rabbinical Seminary,NY,10562
Keiser University-Ft Lauderdale,FL,33309
Kennesaw State University,GA,30144
Kent State University at Ashtabula,OH,44004
Kent State University at East Liverpool,OH,43920
Kent State University at Geauga,OH,44021
Kent State University at Kent,OH,44242
Kent State University at Salem,OH,44460
Kent State University at Stark,OH,44720
Kent State University at Trumbull,OH,44483
Kent State University at Tuscarawas,OH,44663
Kentucky Christian University,KY,41143
Kentucky Mountain Bible College,KY,41339
Kentucky State University,KY,40601
Kentucky Wesleyan College,KY,42301
Kenyon College,OH,43022
Keser Torah-Mayan Hatalmud,NJ,08701
Kettering University,MI,48504
Keuka College,NY,14478
Keystone College,PA,18440
King University,TN,37620
King's College,PA,18711
Knox College,IL,61401
Kutztown University of Pennsylvania,PA,19530
Kuyper College,MI,49525
LIM College,NY,10017
La Roche University,PA,15237
La Salle University,PA,19141
La Sierra University,CA,92505
LaGrange College,GA,30240
Lac Courte Oreilles Ojibwe University,WI,54843
Lackawanna College,PA,18509
Lafayette College,PA,18042
Laguna College of Art and Design,CA,92651
Lake Erie College,OH,44077
Lake Forest College,IL,60045
Lake Superior State University,MI,49783
Lake Washington Institute of Technology,WA,98034
Lake-Sumter State College,FL,34788
Lakeland University,WI,53073
Lakewood University,OH,44112
Lamar University,TX,77705
Lancaster Bible College,PA,17601
Lander University,SC,29649
Landmark College,VT,05346
Lane College,TN,38301
Lane Community College,OR,97405
Langston University,OK,73050
Laramie County Community College,WY,82007
Laredo College,TX,78040
Larkin University,MA,01610
Las Vegas College,NV,89113
Lasell University,MA,02466
Latin American Bible Institute,CA,91746
Laurus College,CA,93401
Lawrence Technological University,MI,48075
Lawrence University,WI,54911
Le Moyne College,NY,13214
Le Moyne-Owen College,TN,38126
LeTourneau University,TX,75602
Lebanon Valley College,PA,17003
Lee University,TN,37311
Lees-McRae College,NC,28604
Lehigh University,PA,18015
Lenoir-Rhyne University,NC,28601
Lesley University,MA,02138
Lewis & Clark College,OR,97219
Lewis University,IL,60446
Lewis-Clark State College,ID,83501
Liberty University,VA,24515
Life Pacific University,CA,91773
Life University,GA,30060
Limestone University,SC,29340
Lincoln Christian University,IL,62656
Lincoln Memorial University,TN,37752
Lincoln University,CA,94612
Lindenwood University,MO,63301
Lindsey Wilson College,KY,42728
Linfield University,OR,97128
Lionel University,CA,93013
Lipscomb University,TN,37204
Livingstone College,NC,28144
Logan University,MO,63017
Lone Star College System,TX,77381
Long Island University,NY,11548
Longwood University,VA,23909
Longy School of Music of Bard College,MA,02138
Lorain County Community College,OH,44035
Loras College,IA,52004
Los Angeles Academy of Figurative Art,CA,91406
Los Angeles College of Music,CA,91105
Los Angeles Film School,CA,90028
Los Angeles Mission College,CA,91342
Los Angeles Pacific University,CA,91773
Los Angeles Valley College,CA,91401
Louisiana Christian University,LA,71359
Louisiana State University and Agricultural & Mechanical College,LA,70803
Louisiana State University-Alexandria,LA,71302
Louisiana State University-Shreveport,LA,71115
Louisiana Tech University,LA,71272
Lourdes University,OH,43560
Lower Columbia College,WA,98632
Loyola Marymount University,CA,90045
Loyola University Chicago,IL,60660
Loyola University Maryland,MD,21210
Loyola University New Orleans,LA,70118
Lubbock Christian University,TX,79407
Luther College,IA,52101
Luther Rice College & Seminary,GA,30038
Lycoming College,PA,17701
Lynn University,FL,33431
Lyon College,AR,72501
MCPHS University,MA,02115
Macalester College,MN,55105
Machzikei Hadath Rabbinical College,NY,11204
Madison Area Technical College,WI,53704
Madonna University,MI,48150
Maharishi International University,IA,52557
Maine College of Art & Design,ME,04101
Maine Maritime Academy,ME,04420
Maine Media College,ME,04856
Malone University,OH,44709
Manchester University,IN,46962
Manhattan Christian College,KS,66502
Manhattan School of Music,NY,10027
Manhattanville University,NY,10577
Manna University,NC,28314
Manor College,PA,19046
Maranatha Baptist University,WI,53094
Marian University,IN,46222
Marian University-Ancilla,IN,46563
Marietta College,OH,45750
Marion Technical College,OH,43302
Marist University,IN,46218
Marquette University,WI,53233
Mars Hill University,NC,28754
Marshall University,WV,25755
Martin Luther College,MN,56073
Martin University,IN,46218
Martinsburg College,WV,25404
Mary Baldwin University,VA,24401
Maryland Institute College of Art,MD,21217
Marymount Manhattan College,NY,10021
Marymount University,VA,22207
Maryville College,TN,37804
Maryville University of Saint Louis,MO,63141
Marywood University,PA,18509
Massachusetts College of Art and Design,MA,02115
Massachusetts College of Liberal Arts,MA,01247
Massachusetts Institute of Technology,MA,02139
Massachusetts Maritime Academy,MA,02532
Mayville State University,ND,58257
McDaniel College,MD,21157
McKendree University,IL,62254
McMurry University,TX,79697
McNeese State University,LA,70605
McPherson College,KS,67460
Mechon L'hoyroa,NY,10952
Menlo College,CA,94027
Mercer University,GA,31207
Mercy College of Ohio,OH,43604
Mercy University,NY,10522
Mercyhurst University,PA,16546
Meredith College,NC,27607
Merrimack College,MA,01845
Mesa Community College,AZ,85202
Mesivta Torah Vodaath Rabbinical Seminary,NY,11218
Mesivta of Eastern Parkway-Yeshiva Zichron Meilech,NY,11218
Mesivtha Tifereth Jerusalem of America,NY,10002
Messenger College,TX,76021
Messiah University,PA,17055
Methodist University,NC,28311
Metropolitan College of New York,NY,10006
Metropolitan State University,MN,55106
Metropolitan State University of Denver,CO,80217
Miami Dade College,FL,33132
Miami University-Hamilton,OH,45011
Miami University-Middletown,OH,45042
Miami University-Oxford,OH,45056
Michigan State University,MI,48824
Michigan Technological University,MI,49931
Mid-America Christian University,OK,73170
Mid-Atlantic Christian University,NC,27909
Mid-South Christian College,TN,38118
MidAmerica Nazarene University,KS,66062
Middle Georgia State University,GA,31206
Middle Tennessee State University,TN,37132
Middlebury College,VT,05753
Middlebury Institute of International Studies at Monterey,CA,93940
Midland College,TX,79705
Midland University,NE,68025
Midway University,KY,40347
Midwestern Baptist Theological Seminary,MO,64118
Midwestern State University,TX,76308
Miles College,AL,35064
Millennia Atlantic University,FL,33178
Miller-Motte College-Chattanooga,TN,37421
Miller-Motte College-Wilmington,NC,28405
Millersville University of Pennsylvania,PA,17551
Milligan University,TN,37682
Millikin University,IL,62522
Millsaps College,MS,39210
Milwaukee Institute of Art & Design,WI,53202
Milwaukee School of Engineering,WI,53202
Minerva University,CA,94103
Minneapolis College of Art and Design,MN,55404
Minnesota State University Moorhead,MN,56563
Minnesota State University-Mankato,MN,56001
Minot State University,ND,58707
MiraCosta College,CA,92056
Mirrer Yeshiva Cent Institute,NY,11223
Misericordia University,PA,18612
Mission University,MO,65803
Mississippi College,MS,39058
Mississippi State University,MS,39762
Mississippi University for Women,MS,39701
Mississippi Valley State University,MS,38941
Missouri Baptist University,MO,63141
Missouri Southern State University,MO,64801
Missouri State University-Springfield,MO,65897
Missouri University of Science and Technology,MO,65409
Missouri Valley College,MO,65340
Missouri Western State University,MO,64507
Mitchell College,CT,06320
Modesto Junior College,CA,95350
Monmouth College,IL,61462
Monmouth University,NJ,07764
Monroe University,OH,44709
Montana Bible College,MT,59106
Montana State University,MT,59717
Montana State University Billings,MT,59101
Montana State University-Northern,MT,59501
Montana Technological University,MT,59701
Montclair State University,NJ,07043
Montessori Education Center of the Rockies,CO,80205
Montreat College,NC,28757
Montserrat College of Art,MA,01915
Moody Bible Institute,IL,60610
Moore College of Art and Design,PA,19103
Moorpark College,CA,93021
Moravian University,PA,18018
Morehead State University,KY,40351
Morehouse College,GA,30314
Morgan Community College,CO,80701
Morgan State University,MD,21251
Morningside University,IA,51106
Morris Brown College,GA,30314
Morris College,SC,29150
Mount Aloysius College,PA,16630
Mount Angel Seminary,OR,97373
Mount Holyoke College,MA,01075
Mount Marty University,SD,57078
Mount Mary University,WI,53222
Mount Mercy University,IA,52402
Mount Saint Mary College,NY,12550
Mount Saint Mary's University,CA,90049
Mount St. Joseph University,OH,45233
Mount St. Mary's University,MD,21727
Mount Vernon Nazarene University,OH,43050
Mt Hood Community College,OR,97030
Muhlenberg College,PA,18104
Multnomah University,OR,97220
Murray State College,OK,73460
Murray State University,KY,42071
Musicians Institute,CA,90028
Muskingum University,OH,43762
NUC University,PR,00960
Naropa University,CO,80302
National American University-Rapid City,SD,57701
National Louis University,IL,60603
National University,CA,92123
National University of Health Sciences,IL,60148
NationsUniversity,LA,70130
Navajo Technical University,NM,87313
Navarro College,TX,75110
Nazarene Bible College,CO,80920
Nazareth University,NY,14618
Nebraska Indian Community College,NE,68039
Nebraska Wesleyan University,NE,68504
Nelson University,NC,27244
Ner Israel Rabbinical College,MD,21208
Neumann University,PA,19014
Neumont College of Computer Science,UT,84111
Nevada State University,NV,89002
New College of Florida,FL,34243
New England College,NH,03242
New England Institute of Technology,RI,02818
New Hope Christian College-Eugene,OR,97405
New Jersey City University,NJ,07305
New Jersey Institute of Technology,NJ,07102
New Mexico Highlands University,NM,87701
New Mexico Institute of Mining and Technology,NM,87801
New Mexico State University-Main Campus,NM,88003
New Orleans Baptist Theological Seminary,LA,70126
New York Film Academy,CA,91505
New York Institute of Technology,NY,11568
New York School of Interior Design,NY,10021
New York University,NY,10012
Newberry College,SC,29108
Newlane University,KS,67213
Newman University,KS,67213
Newschool of Architecture and Design,CA,92101
Niagara University,NY,14109
Nicholls State University,LA,70310
Nichols College,MA,01571
Norfolk State University,VA,23504
North American University,TX,77477
North Carolina A & T State University,NC,27411
North Carolina Central University,NC,27707
North Carolina State University at Raleigh,NC,27695
North Carolina Wesleyan University,NC,27804
North Central College,IL,60540
North Central State College,OH,44906
North Central University,MN,55404
North Dakota State University-Main Campus,ND,58108
North Florida College,FL,32340
North Greenville University,SC,29688
North Orange County Community College District,NY,10940
North Park University,IL,60625
North Seattle College,WA,98103
Northcentral University,CA,92123
Northeastern Illinois University,IL,60625
Northeastern State University,OK,74464
Northeastern University,MA,02115
Northeastern University Professional Programs,MA,02115
Northern Arizona University,AZ,86011
Northern Illinois University,IL,60115
Northern Kentucky University,KY,41099
Northern Marianas College,MP,96950
Northern Michigan University,MI,49855
Northern New Mexico College,NM,87532
Northern State University,SD,57401
Northland College,WI,54806
Northland Pioneer College,AZ,86025
Northpoint Bible College,MA,01835
Northwest College,WY,82435
Northwest College of Art & Design,WA,98402
Northwest Florida State College,FL,32578
Northwest Indian College,WA,98226
Northwest Missouri State University,MO,64468
Northwest Nazarene University,ID,83686
Northwest University,WA,98083
Northwest University-Center for Online and Extended Education,WA,98033
Northwest Vista College,TX,78251
Northwestern College,IA,51041
Northwestern Michigan College,MI,49686
Northwestern Oklahoma State University,OK,73717
Northwestern State University of Louisiana,LA,71497
Northwestern University,IL,60208
Northwood University,MI,48640
Norwich University,VT,05663
Nossi College of Art and Design,TN,37115
Notre Dame College,OH,44121
Notre Dame de Namur University,CA,94002
Notre Dame of Maryland University,MD,21210
Nova Southeastern University,FL,33328
Nueta Hidatsa Sahnish College,ND,58763
Oak Hills Christian College,MN,56601
Oak Valley College,CA,92377
Oakland City University,IN,47660
Oakland University,MI,48309
Oakwood University,AL,35896
Oberlin College,OH,44074
Occidental College,CA,90041
Odessa College,TX,79764
Oglala Lakota College,SD,57752
Oglethorpe University,GA,30319
Ohio Christian University,OH,43113
Ohio Dominican University,OH,43219
Ohio Northern University,OH,45810
Ohio State University-Lima Campus,OH,45804
Ohio State University-Main Campus,OH,43201
Ohio State University-Mansfield Campus,OH,44906
Ohio State University-Marion Campus,OH,43302
Ohio State University-Newark Campus,OH,43055
Ohio University-Chillicothe Campus,OH,45601
Ohio University-Eastern Campus,OH,43950
Ohio University-Lancaster Campus,OH,43130
Ohio University-Main Campus,OH,45701
Ohio University-Southern Campus,OH,45638
Ohio University-Zanesville Campus,OH,43701
Ohio Wesleyan University,OH,43015
Ohr Hameir Theological Seminary,NY,10566
Oklahoma Baptist University,OK,74804
Oklahoma Christian University,OK,73013
Oklahoma City University,OK,73106
Oklahoma Panhandle State University,OK,73939
Oklahoma State University Institute of Technology,OK,74447
Oklahoma State University-Main Campus,OK,74078
Oklahoma State University-Oklahoma City,OK,73107
Oklahoma Wesleyan University,OK,74006
Old Dominion University,VA,23529
Olivet Nazarene University,IL,60914
Olympic College,WA,98337
Oral Roberts University,OK,74171
Oregon Institute of Technology,OR,97601
Oregon State University,OR,97331
Oregon State University-Cascades Campus,OR,97702
Otis College of Art and Design,CA,90045
Ottawa University-Kansas City,KS,66211
Ottawa University-Milwaukee,WI,53005
Ottawa University-Online,KS,66211
Ottawa University-Ottawa,KS,66067
Ottawa University-Surprise,AZ,85374
Otterbein University,OH,43081
Ouachita Baptist University,AR,71998
Our Lady of the Lake University,TX,78207
Ozark Christian College,MO,64801
Ozarks Technical Community College,MO,65802
Pace University,NY,10038
Pacific Bible College,OR,97501
Pacific Islands University,GU,96913
Pacific Lutheran University,WA,98447
Pacific Northwest College of Art,OR,97209
Pacific Oaks College,CA,91103
Pacific Rim Christian University,HI,96819
Pacific Union College,CA,94508
Pacific University,OR,97116
Paier College,CT,06606
Paine College,GA,30901
Palm Beach Atlantic University,FL,33401
Palm Beach State College,FL,33461
Palo Alto College,TX,78224
Paradise Valley Community College,AZ,85032
Park University,MO,64152
Parker University,TX,75229
Pasco-Hernando State College,FL,34654
Pathways College,AZ,85006
Patrick Henry College,VA,20132
Paul Quinn College,TX,75241
Paul Smiths College of Arts and Science,NY,12970
Peirce College,PA,19103
Peninsula College,WA,98362
Pennsylvania Academy of the Fine Arts,PA,19102
Pennsylvania College of Art and Design,PA,17608
Pennsylvania College of Technology,PA,17701
Pennsylvania Institute of Technology,PA,19063
Pennsylvania State University-Main Campus,PA,16802
Pennsylvania State University-Penn State Abington,PA,19001
Pennsylvania State University-Penn State Altoona,PA,16601
Pennsylvania State University-Penn State Beaver,PA,15061
Pennsylvania State University-Penn State Berks,PA,19610
Pennsylvania State University-Penn State Brandywine,PA,19063
Pennsylvania State University-Penn State DuBois,PA,15801
Pennsylvania State University-Penn State Erie-Behrend College,PA,16563
Pennsylvania State University-Penn State Fayette- Eberly,PA,15456
Pennsylvania State University-Penn State Greater Allegheny,PA,15132
Pennsylvania State University-Penn State Harrisburg,PA,17057
Pennsylvania State University-Penn State Hazleton,PA,18202
Pennsylvania State University-Penn State Lehigh Valley,PA,18034
Pennsylvania State University-Penn State Mont Alto,PA,17237
Pennsylvania State University-Penn State New Kensington,PA,15068
Pennsylvania State University-Penn State Schuylkill,PA,17972
Pennsylvania State University-Penn State Scranton,PA,18512
Pennsylvania State University-Penn State Shenango,PA,16146
Pennsylvania State University-Penn State Wilkes-Barre,PA,18627
Pennsylvania State University-Penn State York,PA,17403
Pennsylvania State University-World Campus,PA,16802
Pennsylvania Western University,PA,15419
Pensacola State College,FL,32504
Pentecostal Theological Seminary,TN,37311
Pepperdine University,CA,90263
Peru State College,NE,68421
Pfeiffer University,NC,28109
Philander Smith University,AR,72202
Phoenix College,AZ,85013
Piedmont University,GA,30535
Pierce College District,WA,98498
Pikes Peak State College,CO,80906
Pillar College,NJ,07102
Pittsburg State University,KS,66762
Pittsburgh Technical College,PA,15071
Pitzer College,CA,91711
Platt College-Anaheim,CA,92806
Platt College-Los Angeles,CA,91803
Platt College-Ontario,CA,91764
Platt College-Riverside,CA,92507
Plaza College,NY,11375
Plymouth State University,NH,03264
Point Loma Nazarene University,CA,92106
Point Park University,PA,15222
Point University,GA,31833
Polk State College,FL,33881
Polytechnic University of Puerto Rico-Miami,FL,33166
Polytechnic University of Puerto Rico-Orlando,FL,32825
Pomona College,CA,91711
Pontifex University,GA,31833
Pontifical Catholic University of Puerto Rico-Arecibo,PR,00614
Pontifical Catholic University of Puerto Rico-Mayaguez,PR,00680
Pontifical Catholic University of Puerto Rico-Ponce,PR,00717
Pontifical College Josephinum,OH,43235
Portland State University,OR,97201
Post University,CT,06723
Potomac State College of West Virginia University,WV,26726
Prairie View A & M University,TX,77446
Pratt Institute-Main,NY,11205
Presbyterian College,SC,29325
Presbyterian Theological Seminary in America,CA,90670
Prescott College,AZ,86301
Princeton University,NJ,08544
Principia College,IL,62028
Providence College,RI,02918
Pueblo Community College,CO,81004
Puerto Rico Conservatory of Music,PR,00907
Purdue University Fort Wayne,IN,46805
Purdue University Global,IN,47906
Purdue University Northwest,IN,46323
Purdue University-Main Campus,IN,47907
Queens University of Charlotte,NC,28274
Quincy College,MA,02169
Quincy University,IL,62301
Quinnipiac University,CT,06518
Rabbi Jacob Joseph School,NJ,08817
Rabbinical Academy Mesivta Rabbi Chaim Berlin,NY,11230
Rabbinical College Beth Shraga,NY,10952
Rabbinical College Bobover Yeshiva Bnei Zion,NY,11219
Rabbinical College Ohr Yisroel,NY,11236
Rabbinical College Telshe,OH,44092
Rabbinical College of America,NJ,07960
Rabbinical College of Long Island,NY,11561
Rabbinical College of Ohr Shimon Yisroel,NY,11211
Rabbinical Seminary of America,NY,11367
Radford University,VA,24142
Ramapo College of New Jersey,NJ,07430
Randall University,OK,73160
Randolph College,VA,24503
Randolph-Macon College,VA,23005
Ranken Technical College,MO,63113
Rasmussen University-Florida,FL,34474
Rasmussen University-Kansas,KS,66609
Rasmussen University-Minnesota,MN,56301
Rasmussen University-North Dakota,ND,58103
Rasmussen University-Wisconsin,WI,54303
Red Rocks Community College,CO,80228
Redeemers University North America,TX,75401
Reed College,OR,97202
Reformed University,GA,30043
Regent University,VA,23464
Regis College,MA,02493
Regis University,CO,80221
Reinhardt University,GA,30183
Relay Graduate School of Education,NY,10004
Remington College-Online Dallas,TX,75243
Remington College-Shreveport Campus,LA,71118
Rensselaer Polytechnic Institute,NY,12180
Renton Technical College,WA,98056
Rhode Island College,RI,02908
Rhode Island School of Design,RI,02903
Rhodes College,TN,38112
Rice University,TX,77005
Rider University,NJ,08648
Ringling College of Art and Design,FL,34234
Rio Hondo College,CA,90601
Rio Salado College,AZ,85281
Ripon College,WI,54971
Rivier University,NH,03060
Roanoke College,VA,24153
Robert Morris University,PA,15108
Roberts Wesleyan University,NY,14624
Rochester Institute of Technology,NY,14623
Rochester University,MI,48307
Rockford University,IL,61108
Rockhurst University,MO,64110
Rocky Mountain College,MT,59102
Rocky Mountain College of Art and Design,CO,80214
Roger Williams University,RI,02809
Rogers State University,OK,74017
Rollins College,FL,32789
Roosevelt University,IL,60605
Rose State College,OK,73110
Rose-Hulman Institute of Technology,IN,47803
Rosemont College,PA,19010
Rowan University,NJ,08028
Russell Sage College,NY,12180
Rust College,MS,38635
Rutgers University-Camden,NJ,08102
Rutgers University-New Brunswick,NJ,08901
Rutgers University-Newark,NJ,07102
SAE Institute of Technology-Nashville,TN,37203
SANS Technology Institute,MD,20852
SUM Bible College and Theological Seminary,CA,95762
SUNY Brockport,NY,14420
SUNY Buffalo State University,NY,14222
SUNY College at Geneseo,NY,14454
SUNY College at Potsdam,NY,13676
SUNY College of Agriculture and Technology at Cobleskill,NY,12043
SUNY College of Environmental Science and Forestry,NY,13210
SUNY College of Technology at Alfred,NY,14802
SUNY College of Technology at Canton,NY,13617
SUNY College of Technology at Delhi,NY,13753
SUNY Maritime College,NY,10465
SUNY Morrisville,NY,13408
SUNY Old Westbury,NY,11568
SUNY Oneonta,NY,13820
SUNY Polytechnic Institute,NY,13502
SUNY at Fredonia,NY,14063
SUNY at Purchase College,NY,10577
Sacred Heart Major Seminary,MI,48206
Sacred Heart University,CT,06825
Saginaw Valley State University,MI,48710
Saint Ambrose University,IA,52803
Saint Anselm College,NH,03102
Saint Augustine's University,NC,27610
Saint Charles Borromeo Seminary-Overbrook,PA,19096
Saint Cloud State University,MN,56301
Saint Edward's University,TX,78704
Saint Elizabeth University,NJ,07960
Saint Francis University,PA,15940
Saint John's Seminary,MA,02135
Saint Johns River State College,FL,32177
Saint Johns University,MN,56321
Saint Joseph Seminary College,LA,70457
Saint Joseph's College of Maine,ME,04084
Saint Joseph's University - Lancaster,PA,19131
Saint Leo University,FL,33574
Saint Louis Community College,MO,63044
Saint Louis University,MO,63103
Saint Martin's University,WA,98503
Saint Mary's College,IN,46556
Saint Mary's College of California,CA,94575
Saint Mary's University of Minnesota,MN,55987
Saint Mary-of-the-Woods College,IN,47876
Saint Michael's College,VT,05439
Saint Norbert College,WI,54115
Saint Peter's University,NJ,07306
Saint Vincent College,PA,15650
Saint Xavier University,IL,60655
Salem College,NC,27101
Salem State University,MA,01970
Salem University,WV,26426
Salisbury University,MD,21801
Salish Kootenai College,MT,59855
Salve Regina University,RI,02840
Sam Houston State University,TX,77340
Samford University,AL,35229
San Antonio College,TX,78212
San Diego Christian College,CA,92071
San Diego Global Knowledge University,CA,92101
San Diego Mesa College,CA,92111
San Diego State University,CA,92182
San Francisco Bay University,CA,94539
San Francisco Conservatory of Music,CA,94102
San Francisco State University,CA,94132
San Ignacio University,FL,33178
San Jacinto Community College,TX,77505
San Joaquin Valley College-Visalia,CA,93291
San Jose State University,CA,95192
Santa Ana College,CA,92706
Santa Clara University,CA,95053
Santa Fe College,FL,32606
Santa Monica College,CA,90405
Sattler College,MA,02114
Savannah College of Art and Design,GA,31402
Savannah State University,GA,31404
Schiller International University,FL,33602
School of Visual Arts,NY,10010
School of the Art Institute of Chicago,IL,60603
Schoolcraft Community College District,MI,48152
Schreiner University,TX,78028
Scottsdale Community College,AZ,85256
Scripps College,CA,91711
Seattle Central College,WA,98122
Seattle Film Institute,WA,98119
Seattle Pacific University,WA,98119
Seattle University,WA,98122
Selma University,AL,36701
Seminole State College of Florida,FL,32773
Sessions College for Professional Design,AZ,85281
Seton Hall University,NJ,07079
Seton Hill University,PA,15601
Sh'or Yoshuv Rabbinical College,NY,11559
Shasta Bible College and Graduate School,CA,96002
Shasta College,CA,96003
Shaw University,NC,27601
Shawnee State University,OH,45662
Shenandoah University,VA,22601
Shepherd University,WV,25443
Shippensburg University of Pennsylvania,PA,17257
Shoreline Community College,WA,98133
Shorter University,GA,30165
Siena College,NY,12211
Siena Heights University,MI,49221
Simmons College of Kentucky,KY,40203
Simmons University,MA,02115
Simpson College,IA,50125
Simpson University,CA,96003
Sinclair Community College,OH,45402
Sinte Gleska University,SD,57555
Sisseton Wahpeton College,SD,57262
Sitting Bull College,ND,58538
Skagit Valley College,WA,98273
Skidmore College,NY,12866
Skyline College,CA,94066
Slippery Rock University of Pennsylvania,PA,16057
Smith College,MA,01063
Snow College,UT,84627
Solano Community College,CA,94534
Sonoma State University,CA,94928
South Carolina State University,SC,29117
South College,TN,37909
South Dakota School of Mines and Technology,SD,57701
South Dakota State University,SD,57007
South Florida Bible College and Theological Seminary,FL,33442
South Florida State College,FL,33825
South Georgia State College,GA,31533
South Mountain Community College,AZ,85042
South Puget Sound Community College,WA,98512
South Seattle College,WA,98106
South Texas College,TX,78501
South University-Austin,TX,78681
South University-Columbia,SC,29203
South University-Montgomery,AL,36116
South University-Richmond,VA,23060
South University-Savannah,GA,31406
South University-Savannah Online,GA,31406
South University-Tampa,FL,33614
South University-Virginia Beach,VA,23452
South University-West Palm Beach,FL,33411
Southeast Missouri State University,MO,63701
Southeastern Baptist College,MS,39440
Southeastern Baptist Theological Seminary,NC,27587
Southeastern College-West Palm Beach,FL,33409
Southeastern Free Will Baptist Bible College,NC,27591
Southeastern Louisiana University,LA,70402
Southeastern Oklahoma State University,OK,74701
Southeastern University,FL,33801
Southern Adventist University,TN,37315
Southern Arkansas University Main Campus,AR,71753
Southern California Institute of Technology,CA,92801
Southern California Seminary,CA,92019
Southern Connecticut State University,CT,06515
Southern Illinois University Edwardsville,IL,62026
Southern Illinois University-Carbondale,IL,62901
Southern Methodist University,TX,75275
Southern Nazarene University,OK,73008
Southern New Hampshire University,NH,03106
Southern Oregon University,OR,97520
Southern University Law Center,LA,70813
Southern University and A & M College,LA,70813
Southern University at New Orleans,LA,70126
Southern Utah University,UT,84720
Southern Virginia University,VA,24416
Southern Wesleyan University,SC,29630
Southwest Baptist University,MO,65613
Southwest Minnesota State University,MN,56258
Southwest University at El Paso,TX,79925
Southwestern Adventist University,TX,76059
Southwestern Christian College,TX,75160
Southwestern Christian University,OK,73008
Southwestern College,CA,91910
Southwestern Oklahoma State University,OK,73096
Southwestern University,TX,78626
Spalding University,KY,40203
Spartanburg Methodist College,SC,29301
Spelman College,GA,30314
Spokane Community College,WA,99217
Spokane Falls Community College,WA,99224
Spring Arbor University,MI,49283
Spring Hill College,AL,36608
Springfield College,MA,01109
"Springfield College-Regional, Online, and Continuing Education",MA,01109
St Bonaventure University,NY,14778
St Catherine University,MN,55105
St Lawrence University,NY,13617
St Olaf College,MN,55057
St Petersburg College,FL,33701
St Philip's College,TX,78203
St. Andrews University,NC,28352
St. Augustine College,IL,60640
St. Francis College,NY,11201
St. John Fisher University,NY,14618
St. John Vianney College Seminary,FL,33165
St. John's University-New York,NY,11439
St. Joseph's University-New York,NY,11205
St. Mary's College of Maryland,MD,20686
St. Mary's University,TX,78228
St. Thomas Aquinas College,NY,10976
St. Thomas University,FL,33054
Stanford University,CA,94305
State College of Florida-Manatee-Sarasota,FL,34207
State University of New York at Cortland,NY,13045
State University of New York at New Paltz,NY,12561
State University of New York at Oswego,NY,13126
State University of New York at Plattsburgh,NY,13126
Stephen F Austin State University,TX,75961
Stephens College,MO,65215
Sterling College,KS,67579
Stetson University,FL,32723
Stevens Institute of Technology,NJ,07030
Stevens-The Institute of Business & Arts,MO,63103
Stevenson University,MD,21117
Stillman College,AL,35401
Stockton University,NJ,08205
Stone Child College,MT,59521
Stonehill College,MA,02357
Stony Brook University,NY,11794
Strayer University-Alabama,AL,35203
Strayer University-Arkansas,AR,72201
Strayer University-Delaware,DE,19801
Strayer University-District of Columbia,DC,20005
Strayer University-Florida,FL,33610
Strayer University-Georgia,GA,30341
Strayer University-Global Region,DC,20005
Strayer University-Maryland,MD,20746
Strayer University-Mississippi,MS,39201
Strayer University-New Jersey,NJ,08854
Strayer University-North Carolina,NC,27407
Strayer University-Pennsylvania,PA,19053
Strayer University-South Carolina,SC,29601
Strayer University-Tennessee,TN,38118
Strayer University-Texas,TX,75234
Strayer University-Virginia,VA,22201
Strayer University-West Virginia,WV,25560
Suffolk University,MA,02108
Sul Ross State University,TX,79832
Sullivan University,KY,40205
Summit Christian College,NE,69341
Susquehanna University,PA,17870
Swarthmore College,PA,19081
Sweet Briar College,VA,24595
Syracuse University,NY,13244
Tabor College,KS,67063
Tacoma Community College,WA,98466
Taft College,CA,93268
Talladega College,AL,35160
Talmudic College of Florida,FL,33140
Talmudical Academy-New Jersey,NJ,07710
Talmudical Seminary Oholei Torah,NY,11213
Talmudical Seminary of Bobov,NY,11219
Talmudical Yeshiva of Philadelphia,PA,19131
Tarleton State University,TX,76401
Taylor University,IN,46989
Teachers College of San Joaquin,CA,95206
Telshe Yeshiva-Chicago,IL,60625
Temple University,PA,19122
Tennessee State University,TN,37209
Tennessee Technological University,TN,38505
Tennessee Wesleyan University,TN,37303
Texas A & M International University,TX,78041
Texas A & M University-Corpus Christi,TX,78412
Texas A&M University-Central Texas,TX,76549
Texas A&M University-College Station,TX,77843
Texas A&M University-Kingsville,TX,78363
Texas A&M University-San Antonio,TX,78224
Texas A&M University-Texarkana,TX,75503
Texas Christian University,TX,76129
Texas College,TX,75702
Texas Lutheran University,TX,78155
Texas Southern University,TX,77004
Texas State University,TX,78666
Texas Tech University,TX,79409
Texas Wesleyan University,TX,76105
Texas Woman's University,TX,76204
The Catholic University of America,DC,20064
The College of Idaho,ID,83605
The College of New Jersey,NJ,08628
The College of Saint Rose,NY,12203
The College of Saint Scholastica,MN,55811
The College of Westchester,NY,10606
The College of Wooster,OH,44691
The College of the Florida Keys,FL,33040
The Cooper Union for the Advancement of Science and Art,NY,10003
The Evergreen State College,WA,98505
The Juilliard School,NY,10023
The King's University,TX,76092
The Master's University and Seminary,CA,91321
The Modern College of Design,OH,45440
The New England Conservatory of Music,MA,02115
The New School,NY,10011
The Southern Baptist Theological Seminary,KY,40280
The University of Alabama,AL,35487
The University of America,FL,33606
The University of Findlay,OH,45840
The University of Montana,MT,59812
The University of Montana-Western,MT,59725
The University of Olivet,MI,49076
The University of Tampa,FL,33606
The University of Tennessee Southern,TN,38478
The University of Tennessee-Chattanooga,TN,37403
The University of Tennessee-Knoxville,TN,37996
The University of Tennessee-Martin,TN,38238
The University of Texas Permian Basin,TX,79762
The University of Texas Rio Grande Valley,TX,78539
The University of Texas at Arlington,TX,76013
The University of Texas at Austin,TX,78705
The University of Texas at Dallas,TX,75080
The University of Texas at El Paso,TX,79968
The University of Texas at San Antonio,TX,78249
The University of Texas at Tyler,TX,75799
The University of the South,TN,37383
Thiel College,PA,16125
Thomas College,ME,04901
Thomas Edison State University,NJ,08608
Thomas Jefferson University,PA,19107
Thomas More University,KY,41017
Thomas University,GA,31792
Tiffin University,OH,44883
Toccoa Falls College,GA,30598
Torah Temimah Talmudical Seminary,NY,10312
Tougaloo College,MS,39174
Touro University,NY,10036
Touro University Worldwide,CA,90720
Towson University,MD,21252
Transylvania University,KY,40508
Trevecca Nazarene University,TN,37210
Trine University,IN,46703
Trine University-Regional/Non-Traditional Campuses,IN,46703
Trinidad State College,CO,81082
Trinity Baptist College,FL,32221
Trinity Bible College and Graduate School,ND,58436
Trinity Christian College,IL,60463
Trinity College,CT,06106
Trinity College of Florida,FL,34655
Trinity International University-Florida,FL,33186
Trinity International University-Illinois,IL,60015
Trinity University,TX,78212
Trinity Valley Community College,TX,75751
Trinity Washington University,DC,20017
Trocaire College,NY,14220
Troy University,AL,36082
Truckee Meadows Community College,NV,89512
Truett McConnell University,GA,30528
Truman State University,MO,63501
Tufts University,MA,02155
Tulane University of Louisiana,LA,70118
Turtle Mountain Community College,ND,58316
Tusculum University,TN,37743
Tuskegee University,AL,36088
Tyler Junior College,TX,75701
URBE University,FL,33172
Union Adventist University,NE,68506
Union Bible College,IN,46074
Union College,KY,40906
Union Commonwealth University,VA,23284
Union University,TN,38305
United International College,FL,33025
United States Air Force Academy,CO,80840
United States Coast Guard Academy,CT,06320
United States Merchant Marine Academy,NY,11024
United States Military Academy,NY,10996
United States Naval Academy,MD,21402
United States Sports University,CA,92108
United States University,CA,92108
United Talmudical Seminary,NY,11211
United Tribes Technical College,ND,58504
Unity Environmental University,ME,04260
Universidad Adventista de las Antillas,PR,00680
Universidad Ana G. Mendez-Carolina Campus,PR,00985
Universidad Ana G. Mendez-Cupey Campus,PR,00926
Universidad Ana G. Mendez-Gurabo Campus,PR,00778
Universidad Central de Bayamon,PR,00960
Universidad Pentecostal Mizpa,PR,00928
Universidad Politecnica de Puerto Rico,PR,00919
Universidad Teologica del Caribe,PR,00978
Universidad del Sagrado Corazon,PR,00907
University at Albany,NY,12222
University at Buffalo,NY,14260
University of Advancing Technology,AZ,85283
University of Akron Main Campus,OH,44325
University of Alabama at Birmingham,AL,35294
University of Alabama in Huntsville,AL,35899
University of Alaska Anchorage,AK,99508
University of Alaska Fairbanks,AK,99775
University of Alaska Southeast,AK,99801
University of Antelope Valley,CA,95134
University of Arizona,AZ,85721
University of Arkansas,AR,72701
University of Arkansas Grantham,AR,72207
University of Arkansas System Office,AR,71656
University of Arkansas at Little Rock,AR,72204
University of Arkansas at Monticello,AR,71656
University of Arkansas at Pine Bluff,AR,71601
University of Arkansas-Fort Smith,AR,72913
University of Baltimore,MD,21201
University of Bridgeport,CT,06604
University of California-Berkeley,CA,94720
University of California-Davis,CA,95616
University of California-Irvine,CA,92697
University of California-Los Angeles,CA,90095
University of California-Merced,CA,95343
University of California-Riverside,CA,92521
University of California-San Diego,CA,92093
University of California-Santa Barbara,CA,93106
University of California-Santa Cruz,CA,95064
University of Central Arkansas,AR,72035
University of Central Florida,FL,32816
University of Central Missouri,MO,64093
University of Central Oklahoma,OK,73034
University of Charleston,WV,25304
University of Chicago,IL,60637
University of Cincinnati-Blue Ash College,OH,45236
University of Cincinnati-Clermont College,OH,45103
University of Cincinnati-Main Campus,OH,45221
University of Colorado Boulder,CO,80309
University of Colorado Colorado Springs,CO,80918
University of Colorado Denver/Anschutz Medical Campus,CO,80217
University of Connecticut,CT,06269
University of Connecticut-Avery Point,CT,06340
University of Connecticut-Hartford Campus,CT,06103
University of Connecticut-Stamford,CT,06901
University of Connecticut-Waterbury Campus,CT,06702
University of Dallas,TX,75062
University of Dayton,OH,45469
University of Delaware,DE,19716
University of Denver,CO,80208
University of Detroit Mercy,MI,48221
University of Dubuque,IA,52001
University of Evansville,IN,47722
University of Florida,FL,32611
University of Florida-Online,FL,32611
University of Fort Lauderdale,FL,33313
University of Georgia,GA,30602
University of Guam,GU,96923
University of Hartford,CT,06117
University of Hawaii Maui College,HI,96732
University of Hawaii System Office,HI,96707
University of Hawaii at Hilo,HI,96720
University of Hawaii at Manoa,HI,96822
University of Hawaii-West Oahu,HI,96707
University of Health Sciences and Pharmacy in St. Louis,MO,63110
University of Holy Cross,LA,70131
University of Houston,TX,77204
University of Houston-Clear Lake,TX,77058
University of Houston-Downtown,TX,77002
University of Houston-Victoria,TX,77901
University of Idaho,ID,83844
University of Illinois Chicago,IL,60607
University of Illinois Springfield,IL,62703
University of Illinois Urbana-Champaign,IL,61820
University of Indianapolis,IN,46227
University of Iowa,IA,52242
University of Jamestown,ND,58405
University of Kansas,KS,66045
University of Kentucky,KY,40506
University of La Verne,CA,91750
University of Louisiana at Lafayette,LA,70503
University of Louisiana at Monroe,LA,71209
University of Louisville,KY,40292
University of Lynchburg,VA,24501
University of Maine,ME,04469
University of Maine at Augusta,ME,04330
University of Maine at Farmington,ME,04938
University of Maine at Fort Kent,ME,04743
University of Maine at Presque Isle,ME,04769
University of Management and Technology,VA,22209
University of Mary,ND,58504
University of Mary Hardin-Baylor,TX,76513
University of Mary Washington,VA,22401
University of Maryland Eastern Shore,MD,21853
University of Maryland Global Campus,MD,20783
University of Maryland-Baltimore County,MD,21250
University of Maryland-College Park,MD,20742
University of Massachusetts Global,CA,92618
University of Massachusetts-Amherst,MA,01003
University of Massachusetts-Boston,MA,02125
University of Massachusetts-Central Office,MA,01854
University of Massachusetts-Dartmouth,MA,02747
University of Massachusetts-Lowell,MA,01854
University of Memphis,TN,38152
University of Miami,FL,33146
University of Michigan-Ann Arbor,MI,48109
University of Michigan-Dearborn,MI,48128
University of Michigan-Flint,MI,48502
University of Minnesota-Crookston,MN,56716
University of Minnesota-Duluth,MN,55812
University of Minnesota-Morris,MN,56267
University of Minnesota-Twin Cities,MN,55455
University of Mississippi,MS,38677
University of Missouri-Columbia,MO,65211
University of Missouri-Kansas City,MO,64110
University of Missouri-St Louis,MO,63121
University of Missouri-System Office,MO,63121
University of Mobile,AL,36613
University of Montevallo,AL,35115
University of Mount Olive,NC,28365
University of Mount Saint Vincent,NY,10471
University of Mount Union,OH,44601
University of Nebraska at Kearney,NE,68849
University of Nebraska at Omaha,NE,68182
University of Nebraska-Lincoln,NE,68588
University of Nevada-Las Vegas,NV,89154
University of Nevada-Reno,NV,89557
University of New England,ME,04005
University of New Hampshire College of Professional Studies Online,NH,03101
University of New Hampshire at Manchester,NH,03101
University of New Hampshire-Main Campus,NH,03824
University of New Haven,CT,06516
University of New Mexico-Main Campus,NM,87131
University of New Orleans,LA,70148
University of North Alabama,AL,35632
University of North Carolina Asheville,NC,28804
University of North Carolina School of the Arts,NC,27127
University of North Carolina Wilmington,NC,28403
University of North Carolina at Chapel Hill,NC,27599
University of North Carolina at Charlotte,NC,28223
University of North Carolina at Greensboro,NC,27402
University of North Carolina at Pembroke,NC,28372
University of North Dakota,ND,58202
University of North Florida,FL,32224
University of North Georgia,GA,30597
University of North Texas,TX,76203
University of North Texas System,TX,76203
University of North Texas at Dallas,TX,75241
University of Northern Colorado,CO,80639
University of Northern Iowa,IA,50614
University of Northwestern Ohio,OH,45805
University of Northwestern-St Paul,MN,55113
University of Oklahoma-Norman Campus,OK,73019
University of Oregon,OR,97403
University of Pennsylvania,PA,19104
University of Phoenix-Arizona,AZ,85040
University of Phoenix-California,CA,91761
University of Phoenix-Hawaii,HI,96707
University of Phoenix-Nevada,NV,89135
University of Phoenix-Texas,TX,75251
University of Pikeville,KY,41501
University of Pittsburgh-Bradford,PA,16701
University of Pittsburgh-Greensburg,PA,15601
University of Pittsburgh-Johnstown,PA,15904
University of Pittsburgh-Pittsburgh Campus,PA,15260
University of Portland,OR,97203
University of Providence,MT,59405
University of Puerto Rico at Cayey,PR,00737
University of Puerto Rico at Ponce,PR,00716
University of Puerto Rico-Aguadilla,PR,00604
University of Puerto Rico-Arecibo,PR,00614
University of Puerto Rico-Bayamon,PR,00959
University of Puerto Rico-Carolina,PR,00984
University of Puerto Rico-Central Administration,PR,00984
University of Puerto Rico-Humacao,PR,00792
University of Puerto Rico-Mayaguez,PR,00681
University of Puerto Rico-Rio Piedras,PR,00931
University of Puerto Rico-Utuado,PR,00641
University of Puget Sound,WA,98416
University of Redlands,CA,92373
University of Rhode Island,RI,02881
University of Richmond,VA,23173
University of Rio Grande,OH,45674
University of Rochester,NY,14627
University of Saint Francis-Fort Wayne,IN,46808
University of Saint Joseph,CT,06117
University of Saint Katherine,CA,92069
University of Saint Mary,KS,66048
University of San Diego,CA,92110
University of San Francisco,CA,94117
University of Science and Arts of Oklahoma,OK,73018
University of Scranton,PA,18510
University of Silicon Andhra,CA,95035
University of Silicon Valley,CA,95134
University of Sioux Falls,SD,57105
University of South Alabama,AL,36688
University of South Carolina Aiken,SC,29801
University of South Carolina Beaufort,SC,29909
University of South Carolina-Columbia,SC,29208
University of South Carolina-Upstate,SC,29303
University of South Dakota,SD,57069
University of South Florida,FL,33620
University of Southern California,CA,90089
University of Southern Indiana,IN,47712
University of Southern Maine,ME,04103
University of Southern Mississippi,MS,39406
University of St Francis,IL,60435
University of St Thomas,MN,55105
University of Toledo,OH,43606
University of Tulsa,OK,74104
University of Utah,UT,84112
University of Valley Forge,PA,19460
University of Vermont,VT,05405
University of Virginia's College at Wise,VA,24293
University of Virginia-Main Campus,VA,22903
University of Washington-Bothell Campus,WA,98011
University of Washington-Seattle Campus,WA,98195
University of Washington-Tacoma Campus,WA,98402
University of West Alabama,AL,35470
University of West Florida,FL,32514
University of West Georgia,GA,30118
University of West Los Angeles,CA,90301
University of Western States,OR,97213
University of Wisconsin-Eau Claire,WI,54701
University of Wisconsin-Green Bay,WI,54311
University of Wisconsin-La Crosse,WI,54601
University of Wisconsin-Madison,WI,53706
University of Wisconsin-Milwaukee,WI,53211
University of Wisconsin-Milwaukee Flex,WI,53201
University of Wisconsin-Oshkosh,WI,54901
University of Wisconsin-Parkside,WI,53144
University of Wisconsin-Parkside Flex,WI,53141
University of Wisconsin-Platteville,WI,53818
University of Wisconsin-River Falls,WI,54022
University of Wisconsin-Stevens Point,WI,54481
University of Wisconsin-Stout,WI,54751
University of Wisconsin-Superior,WI,54880
University of Wisconsin-System Administration,WI,53706
University of Wisconsin-Whitewater,WI,53190
University of Wyoming,WY,82071
University of the Arts,PA,19102
University of the Cumberlands,KY,40769
University of the District of Columbia,DC,20008
University of the Incarnate Word,TX,78209
University of the Ozarks,AR,72830
University of the Pacific,CA,95211
University of the People,CA,91101
University of the Potomac-VA Campus,VA,22043
University of the Potomac-Washington DC Campus,DC,20005
University of the Southwest,NM,88240
University of the Virgin Islands,VI,00802
University of the West,CA,91770
Upper Iowa University,IA,52142
Upstate Medical University,NY,13210
Urshan University,SC,29613
Ursinus College,PA,19426
Ursuline College,OH,44124
Uta Mesivta of Kiryas Joel,NY,10950
Utah State University,UT,84322
Utah Tech University,UT,84770
Utah Valley University,UT,84058
Utica University,NY,13502
Valdosta State University,GA,31698
Valencia College,FL,32811
Valley City State University,ND,58072
Valley College-Martinsburg,WV,25404
Valor Christian College,OH,43110
Valparaiso University,IN,46383
VanderCook College of Music,IL,60616
Vanderbilt University,TN,37240
Vanguard University of Southern California,CA,92626
Vassar College,NY,12604
Vaughn College of Aeronautics and Technology,NY,11369
Veritas Baptist College,IN,47025
Vermont State University,VT,05061
Villa Maria College,NY,14225
Villanova University,PA,19085
Vincennes University,IN,47591
Virginia Commonwealth University,VA,23284
Virginia Military Institute,VA,24450
Virginia Polytechnic Institute and State University,VA,24061
Virginia State University,VA,23806
Virginia Union University,VA,23220
Virginia University of Lynchburg,VA,24501
Virginia Wesleyan University,VA,23455
Visible Music College,TN,38103
Viterbo University,WI,54601
Voorhees University,SC,29042
Wabash College,IN,47933
Wade College,TX,75207
Wagner College,NY,10301
Wake Forest University,NC,27106
Walden University,MN,55401
Waldorf University,IA,50436
Walla Walla Community College,WA,99362
Walla Walla University,WA,99324
Walnut Hill College,PA,19104
Walsh College,MI,48083
Walsh University,OH,44720
Warner Pacific University,OR,97215
Warner Pacific University Professional and Graduate Studies,OR,97215
Warner University,FL,33859
Warren Wilson College,NC,28778
Wartburg College,IA,50677
Washburn University,KS,66621
Washington & Jefferson College,PA,15301
Washington Adventist University,MD,20912
Washington College,MD,21620
Washington State University,WA,99164
Washington University in St Louis,MO,63130
Washington University of Science and Technology,VA,22182
Washington and Lee University,VA,24450
Wayland Baptist University,TX,79072
Wayne State College,NE,68787
Wayne State University,MI,48202
Waynesburg University,PA,15370
Weatherford College,TX,76086
Webb Institute,NY,11542
Webber International University,FL,33827
Weber State University,UT,84408
Webster University,MO,63119
Welch College,TN,37066
Wellesley College,MA,02481
Wells College,NY,13026
Wenatchee Valley College,WA,98801
Wentworth Institute of Technology,MA,02115
Wesleyan College,GA,31210
Wesleyan University,CT,06459
West Chester University of Pennsylvania,PA,19383
West Coast University-Orange County,CA,92802
West Coast University-Texas,TX,75080
West Liberty University,WV,26074
West Los Angeles College,CA,90230
West Texas A & M University,TX,79016
West Virginia Junior College-Morgantown,WV,26505
West Virginia State University,WV,25112
West Virginia University,WV,26506
West Virginia University Institute of Technology,WV,25801
West Virginia University at Parkersburg,WV,26104
West Virginia Wesleyan College,WV,26201
Westcliff University,CA,92614
Western Carolina University,NC,28723
Western Colorado University,CO,81231
Western Connecticut State University,CT,06810
Western Governors University,UT,84107
Western Illinois University,IL,61455
Western Kentucky University,KY,42101
Western Michigan University,MI,49008
Western Nevada College,NV,89703
Western New England University,MA,01119
Western New Mexico University,NM,88061
Western Oregon University,OR,97361
Western Technical College,TX,79924
Western Washington University,WA,98225
Western Wyoming Community College,WY,82901
Westfield State University,MA,01086
Westminster College,MO,65251
Westminster University,UT,84105
Westmont College,CA,93108
Whatcom Community College,WA,98226
Wheaton College,IL,60187
Wheaton College (Massachusetts),MA,02766
Wheeling University,WV,26003
Whitman College,WA,99362
Whittier College,CA,90601
Whitworth University,WA,99251
Whitworth University-Adult Degree Programs,WA,99251
Wichita State University,KS,67260
Widener University,PA,19013
Wilberforce University,OH,45384
Wiley University,TX,75670
Wilkes University,PA,18766
Willamette University,OR,97301
William & Mary,VA,23187
William Carey University,MS,39401
William Jessup University,CA,95765
William Jewell College,MO,64068
William Paterson University of New Jersey,NJ,07470
William Peace University,NC,27604
William Penn University,IA,52577
William Woods University,MO,65251
Williams Baptist University,AR,72476
Williams College,MA,01267
Williamson Christian College,TN,37067
Wilmington College,OH,45177
Wilmington University,DE,19720
Wilson College,PA,17201
Wingate University,NC,28174
Winona State University,MN,55987
Winston-Salem State University,NC,27110
Winthrop University,SC,29733
Wisconsin Lutheran College,WI,53226
Wittenberg University,OH,45504
Wofford College,SC,29303
Women's Institute of Torah Seminary and College,MD,21215
Woodbury University,CA,91504
Worcester Polytechnic Institute,MA,01609
Worcester State University,MA,01602
World Mission University,CA,90020
Wright State University-Lake Campus,OH,45822
Wright State University-Main Campus,OH,45435
Xavier University,OH,45207
Xavier University of Louisiana,LA,70125
Yakima Valley College,WA,98907
Yale University,CT,06520
Yavapai College,AZ,86301
Yeshiva Chemdas Hatorah,NJ,08701
Yeshiva College of the Nations Capital,MD,20902
Yeshiva D'monsey Rabbinical College,NY,10952
Yeshiva Derech Chaim,NY,11218
Yeshiva Gedola Tiferes Yaakov Yitzchok,NJ,08701
Yeshiva Gedola Tiferes Yerachmiel,NJ,08701
Yeshiva Gedolah Imrei Yosef D'spinka,NY,11219
Yeshiva Gedolah Keren Hatorah,NJ,08701
Yeshiva Gedolah Kesser Torah,NY,10952
Yeshiva Gedolah Shaarei Shmuel,NJ,08701
Yeshiva Gedolah Tiferes Boruch,NJ,07060
Yeshiva Gedolah Zichron Leyma,NJ,07083
Yeshiva Gedolah of Cliffwood,NJ,07735
Yeshiva Gedolah of Greater Detroit,MI,48237
Yeshiva Gedolah of Woodlake Village,NJ,08701
Yeshiva Karlin Stolin,NY,11204
Yeshiva Kollel Tifereth Elizer,NY,11219
Yeshiva Ohr Elchonon Chabad West Coast Talmudical Seminary,CA,90046
Yeshiva Ohr Naftoli,NY,12553
Yeshiva Ohr Yisrael,NY,11229
Yeshiva Shaar Ephraim,NY,10952
Yeshiva Shaarei Torah of Rockland,NY,10901
Yeshiva Sholom Shachna,NY,11230
Yeshiva Toras Chaim,NJ,08701
Yeshiva University,NY,10033
Yeshiva Yesoda Hatorah Vetz Chaim,NY,11211
Yeshiva Yesodei Hatorah,NJ,08701
Yeshiva Zichron Aryeh,NY,11691
Yeshiva of Far Rockaway Derech Ayson Rabbinical Seminary,NY,11691
Yeshiva of Kasho,NY,11231
Yeshiva of Machzikai Hadas,NY,11219
Yeshiva of Nitra Rabbinical College,NY,10918
Yeshiva of Ocean,NY,12435
Yeshiva of the Telshe Alumni,NY,10471
Yeshivah Gedolah Rabbinical College,FL,33139
Yeshivas Be'er Yitzchok,NJ,07208
Yeshivas Emek Hatorah,NJ,07731
Yeshivas Novominsk,NY,11204
Yeshivas Sanz Klauzenburg,NY,11219
Yeshivat Hechal Shemuel,NY,11229
Yeshivath Beth Moshe,PA,18505
Yeshivath Shaar Hatorah,NY,11418
Yeshivath Viznitz,NY,10952
Yeshivath Zichron Moshe,NY,12779
York College of Pennsylvania,PA,17403
York University,NE,68467
Young Harris College,GA,30582
Youngstown State University,OH,44555
Zane State College,OH,43701
